1015-10,34998,2,True
1015-10,2230,1,True
1016-10,33599,2,False
1016-10,831,1,False
1017-10,2141,1,False
1017-10,34909,2,False
1018-10,832,1,False
1018-10,33600,2,False
1021-10,33601,2,False
1021-10,833,1,False
1024-10,2302,1,False
1024-10,35070,2,False
1025-10,35071,2,False
1025-10,2303,1,False
1026-10,35074,2,False
1026-10,2306,1,False
1034-10,2452,1,False
1034-10,35220,2,False
1036-10,2453,1,False
1036-10,35221,2,False
106A-10,33284,2,False
106A-10,516,1,False
107T-10,621,1,False
107T-10,33389,2,False
107T-31,33390,2,False
107T-31,622,1,False
1156-10,33427,2,False
1156-10,659,1,False
1156-31,2130,1,False
1156-31,34898,2,False
1177-10,32897,2,False
1177-10,129,1,False
1177-31,34599,2,False
1177-31,1831,1,False
1177-42,32898,2,False
1177-42,130,1,False
1178-10,32900,2,False
1178-10,132,1,False
1178-31,34580,2,False
1178-31,1812,1,False
1178-32,2009,1,False
1178-32,34777,2,False
1178-33,34778,2,False
1178-33,2010,1,False
1178-42,32901,2,False
1178-42,133,1,False
118C-10,33287,2,False
118C-10,519,1,False
118C-21,520,1,False
118C-21,33288,2,False
118C-22,33289,2,False
118C-22,521,1,False
118C-24,33291,2,False
118C-24,523,1,False
118Y-10,841,1,False
118Y-10,33609,2,False
119C-10,661,1,False
119C-10,33429,2,False
119L-10,35041,2,False
119L-10,2273,1,False
1206-10,33610,2,True
1206-10,842,1,True
121G-10,33459,2,True
121G-10,691,1,True
128Y-10,843,1,False
128Y-10,33611,2,False
129F-10,2304,1,False
129F-10,35072,2,False
129F-41,35073,2,False
129F-41,2305,1,False
138Y-10,844,1,False
138Y-10,33612,2,False
139A-10,2451,1,False
139A-10,35219,2,False
148L-10,33299,2,False
148L-10,531,1,False
148P-10,33302,2,False
148P-10,534,1,False
1701-10,33613,2,True
1701-10,845,1,True
1701-51,34582,2,True
1701-51,1814,1,True
1702-10,33614,2,False
1702-10,846,1,False
1703-10,847,1,False
1703-10,33615,2,False
1705-10,849,1,False
1705-10,33617,2,False
1709-10,33619,2,True
1709-10,851,1,True
1709-21,34735,2,False
1709-21,1967,1,False
1720-10,33631,2,False
1720-10,863,1,False
1720-21,34705,2,True
1720-21,1937,1,True
1721-10,33434,2,True
1721-10,666,1,True
1722-10,864,1,False
1722-10,33632,2,False
1726-10,34171,2,False
1726-10,1403,1,False
1726-51,2087,1,False
1726-51,34855,2,False
172J-10,33624,2,False
172J-10,856,1,False
172K-10,33625,2,False
172K-10,857,1,False
172N-10,664,1,False
172N-10,33432,2,False
172N-21,1801,1,False
172N-21,34569,2,False
172N-22,34813,2,False
172N-22,2045,1,False
172P-10,858,1,False
172P-10,33626,2,False
172R-10,859,1,False
172R-10,33627,2,False
172U-10,33628,2,False
172U-10,860,1,False
172X-10,861,1,False
172X-10,33629,2,False
172Y-10,33630,2,False
172Y-10,862,1,False
1730-10,33633,2,True
1730-10,865,1,True
1732-10,671,1,False
1732-10,33439,2,False
1738-10,672,1,False
1738-10,33440,2,False
1741-10,33307,2,False
1741-10,539,1,False
1741-21,33308,2,False
1741-21,540,1,False
1742-10,33310,2,False
1742-10,542,1,False
1743-10,543,1,False
1743-10,33311,2,False
1744-10,33312,2,False
1744-10,544,1,False
1745-10,546,1,False
1745-10,33314,2,False
1745-41,1829,1,False
1745-41,34597,2,False
174M-10,33441,2,False
174M-10,673,1,False
1756-10,33315,2,False
1756-10,547,1,False
1757-10,548,1,True
1757-10,33316,2,True
1758-10,552,1,False
1758-10,33320,2,False
1759-10,33321,2,False
1759-10,553,1,False
1759-21,33322,2,False
1759-21,554,1,False
1759-41,555,1,False
1759-41,33323,2,False
175P-10,675,1,False
175P-10,33443,2,False
175T-10,623,1,False
175T-10,33391,2,False
1760-10,33325,2,False
1760-10,557,1,False
1760-41,34598,2,False
1760-41,1830,1,False
1764-10,33393,2,False
1764-10,625,1,False
1764-41,34706,2,False
1764-41,1938,1,False
1765-10,1782,1,False
1765-10,34550,2,False
1766-10,33395,2,True
1766-10,627,1,True
1767-10,33396,2,False
1767-10,628,1,False
1771-10,634,1,False
1771-10,33402,2,False
1772-10,635,1,False
1772-10,33403,2,False
1773-10,33405,2,False
1773-10,637,1,False
1775-10,638,1,False
1775-10,33406,2,False
1778-10,1789,1,True
1778-10,34557,2,True
177H-10,33398,2,False
177H-10,630,1,False
177P-10,33401,2,True
177P-10,633,1,True
177Y-10,867,1,False
177Y-10,33635,2,False
1780-10,33637,2,False
1780-10,869,1,False
1782-10,33411,2,True
1782-10,643,1,True
1783-10,644,1,False
1783-10,33412,2,False
1783-22,2046,1,False
1783-22,34814,2,False
1783-41,34707,2,False
1783-41,1939,1,False
1785-10,34584,2,False
1785-10,1816,1,False
1786-10,649,1,False
1786-10,33417,2,False
1787-10,33418,2,False
1787-10,650,1,False
1788-10,33421,2,False
1788-10,653,1,False
1788-51,33422,2,False
1788-51,654,1,False
178A-10,558,1,False
178A-10,33326,2,False
178L-10,560,1,False
178L-10,33328,2,False
178T-10,33333,2,False
178T-10,565,1,False
178Y-10,33636,2,False
178Y-10,868,1,False
178Y-21,34993,2,False
178Y-21,2225,1,False
179X-10,33448,2,False
179X-10,680,1,False
189L-10,2450,1,False
189L-10,35218,2,False
199D-10,2135,1,False
199D-10,34903,2,False
2002-10,33479,2,True
2002-10,711,1,True
2004-10,892,1,False
2004-10,33660,2,False
2005-10,893,1,True
2005-10,33661,2,True
2006-10,895,1,False
2006-10,33663,2,False
2007-10,33664,2,False
2007-10,896,1,False
2008-10,33665,2,False
2008-10,897,1,False
2008-41,1525,1,False
2008-41,34293,2,False
2009-10,898,1,False
2009-10,33666,2,False
2010-10,2104,1,False
2010-10,34872,2,False
2010-21,2126,1,False
2010-21,34894,2,False
2011-10,2136,1,False
2011-10,34904,2,False
2012-10,2281,1,True
2012-10,35049,2,True
2013-10,33667,2,False
2013-10,899,1,False
2014-10,33668,2,False
2014-10,900,1,False
2016-10,33670,2,False
2016-10,902,1,False
2017-10,33671,2,True
2017-10,903,1,True
2018-10,904,1,True
2018-10,33672,2,True
2019-10,33673,2,False
2019-10,905,1,False
2020-10,35030,2,False
2020-10,2262,1,False
2021-10,33674,2,False
2021-10,906,1,False
2022-10,33132,2,False
2022-10,364,1,False
2022-51,33133,2,False
2022-51,365,1,False
2023-10,2260,1,True
2023-10,35028,2,True
2024-10,2261,1,True
2024-10,35029,2,True
2025-10,2267,1,False
2025-10,35035,2,False
2026-10,35037,2,False
2026-10,2269,1,False
2028-10,2263,1,True
2028-10,35031,2,True
2029-10,35038,2,True
2029-10,2270,1,True
2030-10,2264,1,True
2030-10,35032,2,True
2031-10,33135,2,False
2031-10,367,1,False
2032-10,2266,1,True
2032-10,35034,2,True
2041-10,32972,2,False
2041-10,204,1,False
2058-10,259,1,False
2058-10,33027,2,False
2059-10,260,1,False
2059-10,33028,2,False
2060-10,134,1,True
2060-10,32902,2,True
2076-10,368,1,False
2076-10,33136,2,False
2079-10,33138,2,True
2079-10,370,1,True
2080-10,371,1,False
2080-10,33139,2,False
2088-10,372,1,False
2088-10,33140,2,False
208V-10,32975,2,False
208V-10,207,1,False
209C-10,34871,2,False
209C-10,2103,1,False
209P-1,2301,1,False
209P-1,35069,2,False
209P-1,34984,2,False
209P-1,2216,1,False
209P-10,34984,2,False
209P-10,2216,1,False
2100-10,33481,2,False
2100-10,713,1,False
2101-10,33482,2,True
2101-10,714,1,True
2101-41,715,1,True
2101-41,33483,2,True
2104-10,2255,1,False
2104-10,35023,2,False
2105-10,2247,1,False
2105-10,35015,2,False
211L-10,35033,2,False
211L-10,2265,1,False
211V-10,154,1,True
211V-10,32922,2,True
2123-10,692,1,False
2123-10,33460,2,False
2127-10,33461,2,False
2127-10,693,1,False
213C-10,907,1,False
213C-10,33675,2,False
213C-31,33676,2,False
213C-31,908,1,False
2161-10,33462,2,True
2161-10,694,1,True
2171-10,695,1,True
2171-10,33463,2,True
2175-10,33465,2,True
2175-10,697,1,True
2182-10,700,1,True
2182-10,33468,2,True
2201-10,909,1,False
2201-10,33677,2,False
2202-10,910,1,False
2202-10,33678,2,False
2203-10,911,1,False
2203-10,33679,2,False
2204-10,35036,2,True
2204-10,2268,1,True
2290-10,718,1,False
2290-10,33486,2,False
2290-21,34649,2,False
2290-21,1881,1,False
233A-10,249,1,False
233A-10,33017,2,False
233C-10,32923,2,False
233C-10,155,1,False
234A-10,32924,2,False
234A-10,156,1,False
2363-10,32903,2,False
2363-10,135,1,False
2435-10,32978,2,False
2435-10,210,1,False
2451-10,32981,2,False
2451-10,213,1,False
2460-10,32906,2,False
2460-10,138,1,False
2463-10,139,1,False
2463-10,32907,2,False
2501-10,32983,2,False
2501-10,215,1,False
2522-10,140,1,False
2522-10,32908,2,False
2523-10,33018,2,False
2523-10,250,1,False
2523-21,33019,2,False
2523-21,251,1,False
253F-10,32926,2,False
253F-10,158,1,False
2551-10,32909,2,False
2551-10,141,1,False
2552-10,32910,2,False
2552-10,142,1,False
2552-41,1717,1,False
2552-41,34485,2,False
2582-10,374,1,False
2582-10,33142,2,False
2582-21,34538,2,False
2582-21,1770,1,False
2583-10,33143,2,False
2583-10,375,1,False
2590-10,912,1,False
2590-10,33680,2,False
2590-21,34776,2,False
2590-21,2008,1,False
2626-10,33144,2,False
2626-10,376,1,False
2628-10,33145,2,False
2628-10,377,1,False
263C-10,33020,2,False
263C-10,252,1,False
263J-10,32987,2,False
263J-10,219,1,False
2666-10,33146,2,False
2666-10,378,1,False
2666-21,33147,2,False
2666-21,379,1,False
2678-10,383,1,False
2678-10,33151,2,False
2678-41,33155,2,False
2678-41,387,1,False
2702-10,33682,2,False
2702-10,914,1,False
2702-21,34294,2,False
2702-21,1526,1,False
2703-10,915,1,False
2703-10,33683,2,False
2703-21,34295,2,False
2703-21,1527,1,False
2703-22,1809,1,False
2703-22,34577,2,False
2704-10,33684,2,False
2704-10,916,1,False
2705-10,33685,2,False
2705-10,917,1,False
2706-10,33686,2,False
2706-10,918,1,False
2707-10,33687,2,False
2707-10,919,1,False
2707-31,33688,2,False
2707-31,920,1,False
2708-10,921,1,False
2708-10,33689,2,False
2709-10,33690,2,True
2709-10,922,1,True
2709-31,33691,2,True
2709-31,923,1,True
2710-10,924,1,True
2710-10,33692,2,True
2710-31,1654,1,True
2710-31,34422,2,True
2711-10,33693,2,False
2711-10,925,1,False
2712-10,926,1,True
2712-10,33694,2,True
2713-10,220,1,True
2713-10,32988,2,True
2714-10,927,1,True
2714-10,33695,2,True
2715-10,33696,2,False
2715-10,928,1,False
2716-10,929,1,False
2716-10,33697,2,False
2717-10,930,1,True
2717-10,33698,2,True
2718-10,33699,2,False
2718-10,931,1,False
2719-10,932,1,False
2719-10,33700,2,False
271A-10,33470,2,False
271A-10,702,1,False
271A-51,703,1,False
271A-51,33471,2,False
271C-10,33450,2,True
271C-10,682,1,True
271F-10,683,1,False
271F-10,33451,2,False
271M-10,684,1,False
271M-10,33452,2,False
271P-10,704,1,False
271P-10,33472,2,False
2720-10,933,1,False
2720-10,33701,2,False
2720-31,34610,2,False
2720-31,1842,1,False
2721-10,33702,2,False
2721-10,934,1,False
2722-10,33703,2,False
2722-10,935,1,False
2722-31,936,1,True
2722-31,33704,2,True
2723-10,33705,2,False
2723-10,937,1,False
2724-10,33706,2,True
2724-10,938,1,True
2725-10,33707,2,False
2725-10,939,1,False
2726-10,33708,2,False
2726-10,940,1,False
2727-10,33710,2,True
2727-10,942,1,True
2728-10,33711,2,False
2728-10,943,1,False
272N-10,33473,2,True
272N-10,705,1,True
2730-10,33713,2,False
2730-10,945,1,False
2731-10,33714,2,False
2731-10,946,1,False
2732-10,947,1,True
2732-10,33715,2,True
2733-10,948,1,False
2733-10,33716,2,False
2734-10,1760,1,False
2734-10,34528,2,False
2735-10,1921,1,False
2735-10,34689,2,False
2735-21,514,1,False
2735-21,33282,2,False
273D-10,32990,2,False
273D-10,222,1,False
273F-10,159,1,False
273F-10,32927,2,False
273G-10,223,1,False
273G-10,32991,2,False
273G-21,34621,2,False
273G-21,1853,1,False
273J-10,389,1,False
273J-10,33157,2,False
273L-10,32992,2,False
273L-10,224,1,False
273N-10,390,1,False
273N-10,33158,2,False
273N-41,391,1,False
273N-41,33159,2,False
273R-10,226,1,False
273R-10,32994,2,False
273R-42,228,1,False
273R-42,32996,2,False
273V-10,32999,2,False
273V-10,231,1,False
273X-10,392,1,False
273X-10,33160,2,False
2740-10,34560,2,False
2740-10,1792,1,False
274P-10,33000,2,False
274P-10,232,1,False
2755-10,33001,2,False
2755-10,233,1,False
2756-10,33006,2,False
2756-10,238,1,False
2762-10,32912,2,False
2762-10,144,1,False
2765-10,32913,2,False
2765-10,145,1,False
2766-10,33173,2,False
2766-10,405,1,False
2766-41,33164,2,False
2766-41,396,1,False
2767-10,33009,2,False
2767-10,241,1,False
2768-10,33010,2,False
2768-10,242,1,False
2769-10,33165,2,False
2769-10,397,1,False
2770-10,243,1,False
2770-10,33011,2,False
2772-10,33166,2,False
2772-10,398,1,False
2780-10,33167,2,False
2780-10,399,1,False
278A-10,33474,2,False
278A-10,706,1,False
297A-10,2133,1,False
297A-10,34901,2,False
3001-10,34418,2,False
3001-10,1650,1,False
3002-10,1808,1,False
3002-10,34576,2,False
3003-10,1797,1,True
3003-10,34565,2,True
3004-10,34566,2,True
3004-10,1798,1,True
3006-10,1865,1,True
3006-10,34633,2,True
3013-10,33722,2,True
3013-10,954,1,True
3015-10,35222,2,True
3015-10,2454,1,True
3019-10,957,1,True
3019-10,33725,2,True
3020-10,958,1,False
3020-10,33726,2,False
3020-31,1348,1,False
3020-31,34116,2,False
3021-10,33044,2,False
3021-10,276,1,False
3023-10,33728,2,False
3023-10,960,1,False
3024-10,277,1,False
3024-10,33045,2,False
3025-10,961,1,False
3025-10,33729,2,False
3026-10,33730,2,False
3026-10,962,1,False
3027-10,33731,2,False
3027-10,963,1,False
3029-10,33734,2,False
3029-10,966,1,False
3031-10,967,1,False
3031-10,33735,2,False
3032-10,33488,2,True
3032-10,720,1,True
3033-10,33736,2,False
3033-10,968,1,False
3046-10,33739,2,False
3046-10,971,1,False
3051-10,35214,2,False
3051-10,2446,1,False
3053-10,973,1,False
3053-10,33741,2,False
3054-10,33743,2,False
3054-10,975,1,False
3063-10,33021,2,False
3063-10,253,1,False
3063-41,254,1,False
3063-41,33022,2,False
3064-10,33748,2,False
3064-10,980,1,False
3064-41,34701,2,True
3064-41,1933,1,True
3069-10,984,1,False
3069-10,33752,2,False
307C-10,34882,2,False
307C-10,2114,1,False
3098-10,1078,1,False
3098-10,33846,2,False
3099-10,1079,1,False
3099-10,33847,2,False
3112-10,33848,2,False
3112-10,1080,1,False
311C-10,309,1,False
311C-10,33077,2,False
312N-10,990,1,False
312N-10,33758,2,False
3134-10,993,1,False
3134-10,33761,2,False
3139-10,33763,2,False
3139-10,995,1,False
3139-31,34417,2,True
3139-31,1649,1,True
3141-10,33502,2,False
3141-10,734,1,False
314J-10,33078,2,False
314J-10,310,1,False
314V-10,33079,2,False
314V-10,311,1,False
3160-10,125,1,False
3160-10,32893,2,False
3161-10,1084,1,False
3161-10,33852,2,False
3206-10,2112,1,True
3206-10,34880,2,True
3301-10,34386,2,False
3301-10,1618,1,False
3390-10,738,1,False
3390-10,33506,2,False
3414-10,33514,2,False
3414-10,746,1,False
342C-10,33770,2,False
342C-10,1002,1,False
342M-10,747,1,False
342M-10,33515,2,False
342N-10,33771,2,False
342N-10,1003,1,False
3459-10,33170,2,False
3459-10,402,1,False
3459-21,403,1,False
3459-21,33171,2,False
3459-23,33172,2,False
3459-23,404,1,False
3459-24,1727,1,False
3459-24,34495,2,False
3462-10,33015,2,False
3462-10,247,1,False
3462-41,248,1,False
3462-41,33016,2,False
351F-10,33455,2,False
351F-10,687,1,False
352A-10,32932,2,False
352A-10,164,1,False
3539-10,33516,2,False
3539-10,748,1,False
354M-10,1619,1,False
354M-10,34387,2,False
3574-10,32915,2,False
3574-10,147,1,False
3574-31,1474,1,False
3574-31,34242,2,False
3574-41,32917,2,False
3574-41,149,1,False
364A-10,34014,2,False
364A-10,1246,1,False
364A-21,2034,1,False
364A-21,34802,2,False
3686-10,166,1,False
3686-10,32934,2,False
3712-10,33777,2,False
3712-10,1009,1,False
3712-41,33779,2,False
3712-41,1011,1,False
3718-10,1013,1,True
3718-10,33781,2,True
3721-10,1019,1,False
3721-10,33787,2,False
3721-41,34461,2,True
3721-41,1693,1,True
3722-10,33788,2,False
3722-10,1020,1,False
3725-10,33790,2,True
3725-10,1022,1,True
3725-41,1531,1,True
3725-41,34299,2,True
3728-10,33793,2,True
3728-10,1025,1,True
3728-41,1988,1,True
3728-41,34756,2,True
3729-10,33794,2,False
3729-10,1026,1,False
372F-10,1015,1,False
372F-10,33783,2,False
372U-10,1016,1,False
372U-10,33784,2,False
3731-10,33796,2,False
3731-10,1028,1,False
3732-10,33797,2,False
3732-10,1029,1,False
3734-10,33802,2,False
3734-10,1034,1,False
3735-10,33803,2,True
3735-10,1035,1,True
3735-21,1705,1,True
3735-21,34473,2,True
3735-41,1920,1,True
3735-41,34688,2,True
3736-10,1036,1,False
3736-10,33804,2,False
3737-10,33805,2,False
3737-10,1037,1,False
3737-21,34121,2,False
3737-21,1353,1,False
3737-31,34122,2,True
3737-31,1354,1,True
3737-41,34123,2,True
3737-41,1355,1,True
3738-10,33806,2,False
3738-10,1038,1,False
3738-21,1931,1,False
3738-21,34699,2,False
3739-10,1039,1,False
3739-10,33807,2,False
3739-31,34730,2,True
3739-31,1962,1,True
373L-10,1027,1,False
373L-10,33795,2,False
373M-10,33049,2,False
373M-10,281,1,False
373T-10,1091,1,False
373T-10,33859,2,False
3741-10,33809,2,False
3741-10,1041,1,False
3742-10,33810,2,False
3742-10,1042,1,False
3743-10,33811,2,False
3743-10,1043,1,False
3745-10,33812,2,False
3745-10,1044,1,False
3746-10,283,1,False
3746-10,33051,2,False
3746-31,34865,2,False
3746-31,2097,1,False
3749-10,33026,2,False
3749-10,258,1,False
374M-10,34733,2,False
374M-10,1965,1,False
374V-10,34415,2,False
374V-10,1647,1,False
3751-10,1047,1,False
3751-10,33815,2,False
3751-21,1048,1,False
3751-21,33816,2,False
3754-10,33817,2,False
3754-10,1049,1,False
3756-10,1050,1,False
3756-10,33818,2,False
375V-10,285,1,True
375V-10,33053,2,True
3761-10,33819,2,False
3761-10,1051,1,False
3762-10,1053,1,False
3762-10,33821,2,False
3763-10,33822,2,False
3763-10,1054,1,False
3766-10,1055,1,False
3766-10,33823,2,False
3768-10,1056,1,False
3768-10,33824,2,False
3773-10,1059,1,False
3773-10,33827,2,False
3778-10,33830,2,False
3778-10,1062,1,False
3785-10,33831,2,False
3785-10,1063,1,False
3787-10,34380,2,False
3787-10,1612,1,False
3789-10,1067,1,False
3789-10,33835,2,False
3791-10,33837,2,False
3791-10,1069,1,False
3795-10,1073,1,False
3795-10,33841,2,False
3796-10,33842,2,False
3796-10,1074,1,False
3901-10,34237,2,False
3901-10,1469,1,False
3902-10,34238,2,False
3902-10,1470,1,False
3903-10,1471,1,False
3903-10,34239,2,False
390E-10,34650,2,False
390E-10,1882,1,False
4001-10,2176,1,False
4001-10,34944,2,False
4002-10,2177,1,False
4002-10,34945,2,False
4003-10,2159,1,False
4003-10,34927,2,False
4004-10,2178,1,True
4004-10,34946,2,True
4005-10,2179,1,True
4005-10,34947,2,True
4006-10,2180,1,False
4006-10,34948,2,False
4007-10,2181,1,False
4007-10,34949,2,False
4008-10,34950,2,False
4008-10,2182,1,False
4010-10,2183,1,False
4010-10,34951,2,False
4011-10,2184,1,False
4011-10,34952,2,False
4012-10,34953,2,False
4012-10,2185,1,False
4013-10,34954,2,False
4013-10,2186,1,False
4014-10,2187,1,False
4014-10,34955,2,False
4015-10,34956,2,True
4015-10,2188,1,True
4016-10,2189,1,True
4016-10,34957,2,True
4017-10,34958,2,False
4017-10,2190,1,False
4018-10,34959,2,False
4018-10,2191,1,False
4024-10,2158,1,False
4024-10,34926,2,False
4025-10,33863,2,False
4025-10,1095,1,False
4027-10,33865,2,False
4027-10,1097,1,False
4027-41,2309,1,False
4027-41,35077,2,False
4028-10,1098,1,False
4028-10,33866,2,False
4029-10,1099,1,False
4029-10,33867,2,False
4030-10,33868,2,False
4030-10,1100,1,False
4031-10,1101,1,False
4031-10,33869,2,False
4032-10,1102,1,False
4032-10,33870,2,False
4033-10,33871,2,False
4033-10,1103,1,False
403A-10,2192,1,False
403A-10,34960,2,False
4051-10,2144,1,False
4051-10,34912,2,False
4052-10,34913,2,False
4052-10,2145,1,False
4053-10,2146,1,True
4053-10,34914,2,True
4054-10,2147,1,True
4054-10,34915,2,True
4055-10,2447,1,True
4055-10,35215,2,True
4056-10,2237,1,False
4056-10,35005,2,False
407A-10,34962,2,False
407A-10,2194,1,False
407C-10,2195,1,False
407C-10,34963,2,False
407E-10,2215,1,False
407E-10,34983,2,False
407F-10,2167,1,False
407F-10,34935,2,False
407G-10,2196,1,False
407G-10,34964,2,False
407H-10,34965,2,False
407H-10,2197,1,False
407I-10,34990,2,False
407I-10,2222,1,False
407J-10,2198,1,False
407J-10,34966,2,False
407K-10,34936,2,False
407K-10,2168,1,False
407L-10,2199,1,False
407L-10,34967,2,False
407M-10,33086,2,True
407M-10,318,1,True
407N-10,2169,1,False
407N-10,34937,2,False
407N-21,2272,1,False
407N-21,35040,2,False
407P-10,2200,1,False
407P-10,34968,2,False
407R-10,2201,1,False
407R-10,34969,2,False
407T-10,34970,2,False
407T-10,2202,1,False
407W-10,2204,1,False
407W-10,34972,2,False
407Y-10,34974,2,True
407Y-10,2206,1,True
4085-10,2156,1,False
4085-10,34924,2,False
4086-10,35018,2,True
4086-10,2250,1,True
408A-10,33534,2,False
408A-10,766,1,False
4092-10,34644,2,True
4092-10,1876,1,True
4093-10,2448,1,False
4093-10,35216,2,False
4111-10,320,1,True
4111-10,33088,2,True
4112-10,767,1,True
4112-10,33535,2,True
4113-10,33536,2,True
4113-10,768,1,True
4114-10,33089,2,False
4114-10,321,1,False
4114-31,1534,1,False
4114-31,34302,2,False
4115-10,33090,2,True
4115-10,322,1,True
414P-10,33873,2,False
414P-10,1105,1,False
4210-10,34938,2,False
4210-10,2170,1,False
4221-10,33093,2,False
4221-10,325,1,False
4222-10,288,1,True
4222-10,33056,2,True
425E-10,1636,1,False
425E-10,34404,2,False
4284-10,289,1,True
4284-10,33057,2,True
4286-10,326,1,True
4286-10,33094,2,True
4288-10,33058,2,False
4288-10,290,1,False
4310-10,2160,1,False
4310-10,34928,2,False
4311-10,34939,2,False
4311-10,2171,1,False
4312-10,2172,1,False
4312-10,34940,2,False
4313-10,2173,1,False
4313-10,34941,2,False
4314-10,2174,1,False
4314-10,34942,2,False
4315-10,2175,1,False
4315-10,34943,2,False
4491-10,327,1,False
4491-10,33095,2,False
4706-10,33067,2,False
4706-10,299,1,False
4708-10,332,1,False
4708-10,33100,2,False
4709-10,33101,2,False
4709-10,333,1,False
4716-10,33874,2,False
4716-10,1106,1,False
4717-10,33103,2,True
4717-10,335,1,True
4718-10,33104,2,True
4718-10,336,1,True
4721-10,337,1,False
4721-10,33105,2,False
4724-10,34828,2,True
4724-10,2060,1,True
4725-10,33106,2,True
4725-10,338,1,True
4726-10,1680,1,False
4726-10,34448,2,False
4726-31,2120,1,False
4726-31,34888,2,False
4727-10,340,1,False
4727-10,33108,2,False
4729-10,33876,2,False
4729-10,1108,1,False
4732-10,302,1,False
4732-10,33070,2,False
4732-31,34895,2,False
4732-31,2127,1,False
4734-10,33877,2,False
4734-10,1109,1,False
4734-21,1864,1,False
4734-21,34632,2,False
4735-10,1110,1,False
4735-10,33878,2,False
4742-10,33110,2,True
4742-10,342,1,True
475M-10,343,1,False
475M-10,33111,2,False
475R-10,33112,2,False
475R-10,344,1,False
476A-10,33072,2,False
476A-10,304,1,False
476G-10,33879,2,False
476G-10,1111,1,False
476G-41,33880,2,False
476G-41,1112,1,False
476L-10,262,1,True
476L-10,33030,2,True
477A-10,346,1,False
477A-10,33114,2,False
477P-10,33116,2,False
477P-10,348,1,False
477U-10,306,1,False
477U-10,33074,2,False
478P-10,349,1,False
478P-10,33117,2,False
5010-10,1114,1,False
5010-10,33882,2,False
5011-10,1115,1,False
5011-10,33883,2,False
5012-10,1116,1,False
5012-10,33884,2,False
5012-21,2121,1,False
5012-21,34889,2,False
5013-10,33885,2,False
5013-10,1117,1,False
5013-31,35004,2,False
5013-31,2236,1,False
5015-10,1119,1,False
5015-10,33887,2,False
5018-10,34260,2,False
5018-10,1492,1,False
5018-31,1861,1,False
5018-31,34629,2,False
5020-10,34438,2,False
5020-10,1670,1,False
5021-10,34435,2,False
5021-10,1667,1,False
5022-10,33888,2,False
5022-10,1120,1,False
5024-10,1122,1,False
5024-10,33890,2,False
5024-31,33891,2,False
5024-31,1123,1,False
5026-10,34403,2,True
5026-10,1635,1,True
5028-10,1634,1,True
5028-10,34402,2,True
5029-10,34440,2,False
5029-10,1672,1,False
502J-10,34043,2,False
502J-10,1275,1,False
502J-22,2107,1,True
502J-22,34875,2,True
5030-10,34437,2,False
5030-10,1669,1,False
5031-10,1746,1,False
5031-10,34514,2,False
5031-21,1747,1,False
5031-21,34515,2,False
5032-10,34430,2,False
5032-10,1662,1,False
5033-10,34433,2,False
5033-10,1665,1,False
5034-10,1663,1,False
5034-10,34431,2,False
5034-31,34432,2,True
5034-31,1664,1,True
5035-10,1668,1,False
5035-10,34436,2,False
5036-10,34434,2,False
5036-10,1666,1,False
5038-10,34429,2,False
5038-10,1661,1,False
507T-10,2208,1,False
507T-10,34976,2,False
508L-10,117,1,True
508L-10,32885,2,True
5091-10,34291,2,True
5091-10,1523,1,True
509J-10,33032,2,False
509J-10,264,1,False
509J-21,34887,2,True
509J-21,2119,1,True
509M-10,34045,2,False
509M-10,1277,1,False
509M-21,34046,2,False
509M-21,1278,1,False
5100-10,1370,1,False
5100-10,34138,2,False
5103-10,34414,2,True
5103-10,1646,1,True
5103-21,1688,1,True
5103-21,34456,2,True
5104-10,34426,2,False
5104-10,1658,1,False
5105-10,1651,1,False
5105-10,34419,2,False
5106-10,1280,1,True
5106-10,34048,2,True
5106-21,1972,1,True
5106-21,34740,2,True
5106-31,1305,1,False
5106-31,34073,2,False
5107-10,34427,2,False
5107-10,1659,1,False
5108-10,1675,1,False
5108-10,34443,2,False
5109-10,34619,2,False
5109-10,1851,1,False
5110-10,34977,2,False
5110-10,2209,1,False
5110-21,35007,2,False
5110-21,2239,1,False
5110-22,35008,2,False
5110-22,2240,1,False
5110-23,2443,1,False
5110-23,35211,2,False
5110-24,2459,1,False
5110-24,35227,2,False
5110-41,2210,1,False
5110-41,34978,2,False
5111-10,48,1,False
5111-10,32816,2,False
5119-10,32769,2,False
5119-10,1,1,False
5119-22,2124,1,False
5119-22,34892,2,False
5119-23,34893,2,True
5119-23,2125,1,True
5123-10,1125,1,False
5123-10,33893,2,False
5127-10,33895,2,False
5127-10,1127,1,False
5128-10,33896,2,False
5128-10,1128,1,False
5129-10,34049,2,False
5129-10,1281,1,False
5129-41,1974,1,False
5129-41,34742,2,False
5131-10,1282,1,False
5131-10,34050,2,False
513L-10,34423,2,False
513L-10,1655,1,False
5141-10,1625,1,False
5141-10,34393,2,False
5142-10,34394,2,False
5142-10,1626,1,False
5143-10,1628,1,False
5143-10,34396,2,False
5143-31,2143,1,False
5143-31,34911,2,False
5144-10,34395,2,False
5144-10,1627,1,False
5145-10,34409,2,False
5145-10,1641,1,False
5145-41,34410,2,False
5145-41,1642,1,False
514T-10,1671,1,False
514T-10,34439,2,False
514T-21,2033,1,False
514T-21,34801,2,False
5154-10,33121,2,False
5154-10,353,1,False
5164-10,34051,2,True
5164-10,1283,1,True
5164-21,34384,2,True
5164-21,1616,1,True
5164-41,1617,1,True
5164-41,34385,2,True
516N-10,266,1,True
516N-10,33034,2,True
5175-10,33361,2,False
5175-10,593,1,False
5178-10,595,1,False
5178-10,33363,2,False
5178-21,33364,2,True
5178-21,596,1,True
517J-10,33897,2,False
517J-10,1129,1,False
5185-10,1308,1,False
5185-10,34076,2,False
5194-10,269,1,True
5194-10,33037,2,True
519M-10,34979,2,False
519M-10,2211,1,False
524L-10,34483,2,False
524L-10,1715,1,False
524M-10,1631,1,False
524M-10,34399,2,False
527R-10,271,1,False
527R-10,33039,2,False
5290-10,33365,2,False
5290-10,597,1,False
5300-10,33122,2,False
5300-10,354,1,False
5317-10,69,1,False
5317-10,32837,2,False
5318-10,45,1,False
5318-10,32813,2,False
5318-21,36,1,False
5318-21,32804,2,False
5318-22,1591,1,False
5318-22,34359,2,False
5362-10,32838,2,False
5362-10,70,1,False
5362-21,71,1,False
5362-21,32839,2,False
5362-22,1645,1,False
5362-22,34413,2,False
5362-23,1860,1,True
5362-23,34628,2,True
5370-10,1442,1,False
5370-10,34210,2,False
5370-21,1551,1,False
5370-21,34319,2,False
5391-10,171,1,False
5391-10,32939,2,False
5391-21,34497,2,False
5391-21,1729,1,False
5391-22,1778,1,False
5391-22,34546,2,False
546A-10,33899,2,False
546A-10,1131,1,False
546A-31,33900,2,False
546A-31,1132,1,False
546J-10,1133,1,False
546J-10,33901,2,False
546J-31,2015,1,False
546J-31,34783,2,False
546L-10,1285,1,False
546L-10,34053,2,False
546T-10,33040,2,False
546T-10,272,1,False
5611-10,598,1,False
5611-10,33366,2,False
5614-10,34283,2,False
5614-10,1515,1,False
5630-10,32846,2,False
5630-10,78,1,False
5630-21,1447,1,False
5630-21,34215,2,False
5632-10,32849,2,False
5632-10,81,1,False
5632-21,32850,2,False
5632-21,82,1,False
5632-51,83,1,False
5632-51,32851,2,False
5652-10,33042,2,False
5652-10,274,1,False
5652-21,1719,1,False
5652-21,34487,2,False
5701-10,1136,1,False
5701-10,33904,2,False
5701-21,2137,1,False
5701-21,34905,2,False
5702-10,33905,2,False
5702-10,1137,1,False
5705-10,1657,1,False
5705-10,34425,2,False
573A-10,1637,1,True
573A-10,34405,2,True
573H-10,34398,2,False
573H-10,1630,1,False
573T-10,1632,1,False
573T-10,34400,2,False
573T-31,35016,2,False
573T-31,2248,1,False
574A-10,33370,2,False
574A-10,602,1,False
574C-10,1639,1,False
574C-10,34407,2,False
574J-10,1685,1,False
574J-10,34453,2,False
574R-10,1623,1,False
574R-10,34391,2,False
574W-10,34397,2,False
574W-10,1629,1,False
5752-10,34055,2,False
5752-10,1287,1,False
5757-10,1288,1,False
5757-10,34056,2,False
5757-51,34744,2,False
5757-51,1976,1,False
5759-10,33906,2,False
5759-10,1138,1,False
5759-31,1139,1,False
5759-31,33907,2,False
575A-10,1638,1,False
575A-10,34406,2,False
575C-10,34454,2,False
575C-10,1686,1,False
576C-10,1290,1,False
576C-10,34058,2,False
576J-10,603,1,False
576J-10,33371,2,False
576M-10,33372,2,False
576M-10,604,1,False
577T-10,1291,1,False
577T-10,34059,2,False
5791-10,33375,2,False
5791-10,607,1,False
6000-10,33908,2,False
6000-10,1140,1,False
6000-21,33909,2,False
6000-21,1141,1,False
6000-23,2223,1,False
6000-23,34991,2,False
6000-24,2224,1,False
6000-24,34992,2,False
6001-10,32820,2,False
6001-10,52,1,False
6002-10,34747,2,True
6002-10,1979,1,True
6003-10,34240,2,False
6003-10,1472,1,False
6006-10,32943,2,False
6006-10,175,1,False
6007-10,176,1,False
6007-10,32944,2,False
6008-10,33968,2,False
6008-10,1200,1,False
6008-21,34232,2,False
6008-21,1464,1,False
6010-10,1202,1,False
6010-10,33970,2,False
6012-10,1204,1,False
6012-10,33972,2,False
6012-31,34544,2,True
6012-31,1776,1,True
6013-10,186,1,False
6013-10,32954,2,False
6013-21,32955,2,False
6013-21,187,1,False
6014-10,32956,2,False
6014-10,188,1,False
6015-10,1205,1,False
6015-10,33973,2,False
6016-10,32852,2,False
6016-10,84,1,False
6016-41,1706,1,False
6016-41,34474,2,False
6017-10,33974,2,False
6017-10,1206,1,False
6019-10,1490,1,True
6019-10,34258,2,True
6020-10,35223,2,True
6020-10,2455,1,True
6020-51,2456,1,True
6020-51,35224,2,True
6022-10,1207,1,False
6022-10,33975,2,False
6025-10,1210,1,False
6025-10,33978,2,False
6026-10,32855,2,False
6026-10,87,1,False
6026-31,88,1,False
6026-31,32856,2,False
6027-10,32858,2,False
6027-10,90,1,False
6028-10,33979,2,False
6028-10,1211,1,False
6028-31,1462,1,False
6028-31,34230,2,False
6030-10,1142,1,False
6030-10,33910,2,False
6030-21,34768,2,False
6030-21,2000,1,False
6031-10,32860,2,False
6031-10,92,1,False
6034-10,32863,2,False
6034-10,95,1,False
6035-10,1213,1,False
6035-10,33981,2,False
6035-21,34563,2,False
6035-21,1795,1,False
6036-10,33982,2,False
6036-10,1214,1,False
6037-10,33983,2,False
6037-10,1215,1,False
6038-10,1216,1,False
6038-10,33984,2,False
6039-10,33985,2,False
6039-10,1217,1,False
6040-10,54,1,True
6040-10,32822,2,True
6041-10,33986,2,False
6041-10,1218,1,False
6041-21,34517,2,True
6041-21,1749,1,True
6042-10,1219,1,False
6042-10,33987,2,False
6042-21,34543,2,False
6042-21,1775,1,False
6043-10,1220,1,False
6043-10,33988,2,False
6044-10,33989,2,False
6044-10,1221,1,False
6045-10,1222,1,False
6045-10,33990,2,False
6045-21,2164,1,True
6045-21,34932,2,True
6046-10,33991,2,False
6046-10,1223,1,False
6047-10,1224,1,False
6047-10,33992,2,False
6048-10,32824,2,False
6048-10,56,1,False
6049-10,34077,2,False
6049-10,1309,1,False
6050-10,1225,1,False
6050-10,33993,2,False
6051-10,33911,2,False
6051-10,1143,1,False
6051-31,34374,2,False
6051-31,1606,1,False
6052-10,33912,2,False
6052-10,1144,1,False
6052-31,34600,2,False
6052-31,1832,1,False
6053-10,1145,1,False
6053-10,33913,2,False
6055-10,33914,2,True
6055-10,1146,1,True
6056-10,33915,2,False
6056-10,1147,1,False
6056-41,2003,1,False
6056-41,34771,2,False
6057-10,33916,2,False
6057-10,1148,1,False
6057-41,2161,1,False
6057-41,34929,2,False
6058-10,33917,2,False
6058-10,1149,1,False
6059-10,33994,2,False
6059-10,1226,1,False
6061-10,1150,1,False
6061-10,33918,2,False
6062-10,33919,2,False
6062-10,1151,1,False
6062-51,1739,1,False
6062-51,34507,2,False
6063-10,33920,2,False
6063-10,1152,1,False
6063-21,34769,2,False
6063-21,2001,1,False
6063-41,34541,2,False
6063-41,1773,1,False
6063-42,2002,1,False
6063-42,34770,2,False
6067-10,191,1,True
6067-10,32959,2,True
6069-10,33922,2,False
6069-10,1154,1,False
6071-10,1156,1,False
6071-10,33924,2,False
6071-22,1158,1,False
6071-22,33926,2,False
6072-10,1588,1,False
6072-10,34356,2,False
6072-21,1755,1,False
6072-21,34523,2,False
6072-22,34626,2,False
6072-22,1858,1,False
6072-23,34772,2,True
6072-23,2004,1,True
6073-10,33928,2,False
6073-10,1160,1,False
6073-21,34530,2,False
6073-21,1762,1,False
6074-10,1161,1,False
6074-10,33929,2,False
6075-10,1162,1,False
6075-10,33930,2,False
6075-21,1699,1,False
6075-21,34467,2,False
6075-41,33931,2,False
6075-41,1163,1,False
6076-10,1165,1,False
6076-10,33933,2,False
6076-41,1986,1,False
6076-41,34754,2,False
6078-10,33934,2,False
6078-10,1166,1,False
607A-10,34907,2,False
607A-10,2139,1,False
607A-21,34908,2,False
607A-21,2140,1,False
607C-10,1977,1,False
607C-10,34745,2,False
607G-10,34527,2,True
607G-10,1759,1,True
607M-10,34804,2,False
607M-10,2036,1,False
6080-10,33936,2,False
6080-10,1168,1,False
6083-10,34501,2,False
6083-10,1733,1,False
6084-10,33937,2,False
6084-10,1169,1,False
6084-21,34223,2,False
6084-21,1455,1,False
6091-10,33943,2,False
6091-10,1175,1,False
6091-21,1176,1,False
6091-21,33944,2,False
6091-51,1691,1,False
6091-51,34459,2,False
6092-10,33945,2,False
6092-10,1177,1,False
6093-10,34353,2,False
6093-10,1585,1,False
6099-10,34355,2,False
6099-10,1587,1,False
609F-10,37,1,False
609F-10,32805,2,False
609F-21,32806,2,False
609F-21,38,1,False
609J-10,35010,2,True
609J-10,2242,1,True
6110-10,1184,1,False
6110-10,33952,2,False
6115-10,1185,1,False
6115-10,33953,2,False
6115-41,35009,2,False
6115-41,2241,1,False
6116-10,33954,2,False
6116-10,1186,1,False
6118-10,33956,2,False
6118-10,1188,1,False
6120-10,33957,2,False
6120-10,1189,1,False
6200-10,33123,2,False
6200-10,355,1,False
6232-10,483,1,False
6232-10,33251,2,False
6250-10,33236,2,False
6250-10,468,1,False
6258-10,34000,2,False
6258-10,1232,1,False
6258-31,1783,1,False
6258-31,34551,2,False
6262-10,1371,1,False
6262-10,34139,2,False
6262-21,34709,2,True
6262-21,1941,1,True
627J-10,34824,2,True
627J-10,2056,1,True
6291-10,33126,2,False
6291-10,358,1,False
6338-10,34061,2,False
6338-10,1293,1,False
6358-10,34062,2,False
6358-10,1294,1,False
6358-41,1295,1,False
6358-41,34063,2,False
6366-10,1296,1,False
6366-10,34064,2,False
637A-10,32953,2,False
637A-10,185,1,False
637A-21,32949,2,False
637A-21,181,1,False
637A-25,34524,2,False
637A-25,1756,1,False
637A-26,1757,1,False
637A-26,34525,2,False
637G-10,32869,2,False
637G-10,101,1,False
637G-51,102,1,False
637G-51,32870,2,False
637J-10,103,1,False
637J-10,32871,2,False
637P-10,32815,2,False
637P-10,47,1,False
637R-10,196,1,False
637R-10,32964,2,False
637V-10,32872,2,False
637V-10,104,1,False
6400-10,57,1,False
6400-10,32825,2,False
6401-10,33127,2,False
6401-10,359,1,False
6403-10,32826,2,False
6403-10,58,1,False
6412-10,33538,2,True
6412-10,770,1,True
6412-21,35044,2,True
6412-21,2276,1,True
6414-10,360,1,False
6414-10,33128,2,False
6418-10,771,1,True
6418-10,33539,2,True
6418-31,34320,2,True
6418-31,1552,1,True
6422-10,33129,2,False
6422-10,361,1,False
6450-10,32827,2,False
6450-10,59,1,False
6450-51,1509,1,False
6450-51,34277,2,False
6451-10,32829,2,False
6451-10,61,1,False
6455-10,32831,2,False
6455-10,63,1,False
6475-10,34085,2,False
6475-10,1317,1,False
647A-10,34083,2,False
647A-10,1315,1,False
647C-10,32833,2,False
647C-10,65,1,False
647P-10,1316,1,False
647P-10,34084,2,False
648P-10,32834,2,False
648P-10,66,1,False
6500-10,32814,2,False
6500-10,46,1,False
6505-10,34218,2,False
6505-10,1450,1,False
669A-10,32772,2,False
669A-10,4,1,False
6726-10,1193,1,False
6726-10,33961,2,False
675A-10,34086,2,False
675A-10,1318,1,False
675G-10,32874,2,False
675G-10,106,1,False
675G-41,1794,1,False
675G-41,34562,2,False
675I-10,68,1,False
675I-10,32836,2,False
675K-10,32966,2,False
675K-10,198,1,False
675K-21,1943,1,False
675K-21,34711,2,False
675K-23,2018,1,False
675K-23,34786,2,False
675L-10,34246,2,False
675L-10,1478,1,False
675M-10,108,1,False
675M-10,32876,2,False
675N-10,33130,2,False
675N-10,362,1,False
675P-10,33043,2,False
675P-10,275,1,False
675R-10,32877,2,False
675R-10,109,1,False
675V-10,34088,2,False
675V-10,1320,1,False
675V-21,1763,1,False
675V-21,34531,2,False
675X-10,111,1,False
675X-10,32879,2,False
675Z-10,200,1,False
675Z-10,32968,2,False
677A-10,1239,1,False
677A-10,34007,2,False
677A-23,34489,2,False
677A-23,1721,1,False
677V-10,32880,2,True
677V-10,112,1,True
677Y-10,34008,2,False
677Y-10,1240,1,False
6801-10,5,1,False
6801-10,32773,2,False
6801-51,1774,1,False
6801-51,34542,2,False
6803-10,32797,2,False
6803-10,29,1,False
6804-10,32798,2,False
6804-10,30,1,False
6805-10,31,1,False
6805-10,32799,2,False
6805-31,34556,2,False
6805-31,1788,1,False
6806-10,32800,2,False
6806-10,32,1,False
6812-10,1242,1,False
6812-10,34010,2,False
6813-10,32801,2,False
6813-10,33,1,False
6815-10,25,1,False
6815-10,32793,2,False
6816-10,32794,2,False
6816-10,26,1,False
6816-31,1748,1,False
6816-31,34516,2,False
6817-10,32795,2,False
6817-10,27,1,False
6818-10,28,1,False
6818-10,32796,2,False
6820-10,32787,2,False
6820-10,19,1,False
6820-31,1406,1,False
6820-31,34174,2,False
6821-10,32789,2,False
6821-10,21,1,False
6822-10,22,1,False
6822-10,32790,2,False
6823-10,34,1,False
6823-10,32802,2,False
6824-10,32791,2,False
6824-10,23,1,False
6825-10,14,1,False
6825-10,32782,2,False
6826-10,16,1,False
6826-10,32784,2,False
6835-10,32780,2,False
6835-10,12,1,False
6835-31,34175,2,False
6835-31,1407,1,False
6836-10,32781,2,False
6836-10,13,1,False
6837-10,32774,2,False
6837-10,6,1,False
6840-10,32969,2,False
6840-10,201,1,False
6913-10,1465,1,False
6913-10,34233,2,False
6913-21,34317,2,True
6913-21,1549,1,True
695D-10,114,1,False
695D-10,32882,2,False
695H-10,1196,1,False
695H-10,33964,2,False
695T-10,1322,1,False
695T-10,34090,2,False
695V-10,8,1,False
695V-10,32776,2,False
695X-10,34209,2,False
695X-10,1441,1,False
695Y-10,1198,1,False
695Y-10,33966,2,False
695Y-41,1199,1,False
695Y-41,33967,2,False
6960-10,34211,2,False
6960-10,1443,1,False
6970-10,1505,1,False
6970-10,34273,2,False
6L01-10,33939,2,False
6L01-10,1171,1,False
6L01-22,34595,2,False
6L01-22,1827,1,False
6L01-23,1841,1,False
6L01-23,34609,2,False
6L02-10,1178,1,False
6L02-10,33946,2,False
6L03-10,1565,1,False
6L03-10,34333,2,False
6L04-10,33948,2,False
6L04-10,1180,1,False
6L04-41,34334,2,False
6L04-41,1566,1,False
6L04-42,34335,2,False
6L04-42,1567,1,False
6L05-10,1173,1,False
6L05-10,33941,2,False
6L05-21,1174,1,False
6L05-21,33942,2,False
6L07-10,1545,1,False
6L07-10,34313,2,False
6L08-10,1182,1,False
6L08-10,33950,2,False
6L10-10,1159,1,False
6L10-10,33927,2,False
6L10-41,34773,2,False
6L10-41,2005,1,False
6L11-10,33935,2,False
6L11-10,1167,1,False
7001-10,34490,2,False
7001-10,1722,1,False
7002-10,33540,2,True
7002-10,772,1,True
7004-10,1992,1,False
7004-10,34760,2,False
7005-10,1998,1,True
7005-10,34766,2,True
7005-51,34767,2,False
7005-51,1999,1,False
7006-10,1995,1,True
7006-10,34763,2,True
7006-41,34764,2,True
7006-41,1996,1,True
7006-51,1997,1,False
7006-51,34765,2,False
7009-10,34719,2,True
7009-10,1951,1,True
7011-10,1952,1,True
7011-10,34720,2,True
7011-21,34721,2,True
7011-21,1953,1,True
7011-31,34722,2,True
7011-31,1954,1,True
7012-10,2043,1,False
7012-10,34811,2,False
7013-10,775,1,False
7013-10,33543,2,False
7016-10,2118,1,False
7016-10,34886,2,False
7016-21,34910,2,False
7016-21,2142,1,False
701A-10,33457,2,False
701A-10,689,1,False
701U-10,657,1,False
701U-10,33425,2,False
7021-10,1989,1,False
7021-10,34757,2,False
7022-10,2084,1,False
7022-10,34852,2,False
7023-10,2152,1,False
7023-10,34920,2,False
702C-10,33253,2,False
702C-10,485,1,False
702U-10,34098,2,False
702U-10,1330,1,False
7040-10,33544,2,False
7040-10,776,1,False
7040-21,34726,2,False
7040-21,1958,1,False
7049-10,1912,1,False
7049-10,34680,2,False
7050-10,1884,1,False
7050-10,34652,2,False
7051-10,34653,2,False
7051-10,1885,1,False
7052-10,1886,1,False
7052-10,34654,2,False
7053-10,34655,2,False
7053-10,1887,1,False
7053-21,34663,2,False
7053-21,1895,1,False
7053-22,34664,2,False
7053-22,1896,1,False
7054-10,32809,2,False
7054-10,41,1,False
7055-10,34656,2,False
7055-10,1888,1,False
7057-10,34665,2,False
7057-10,1897,1,False
7058-10,34681,2,False
7058-10,1913,1,False
7059-10,34692,2,False
7059-10,1924,1,False
7060-10,1889,1,False
7060-10,34657,2,False
7062-10,34666,2,False
7062-10,1898,1,False
7062-31,1914,1,False
7062-31,34682,2,False
7062-41,35039,2,True
7062-41,2271,1,True
7063-10,34667,2,False
7063-10,1899,1,False
707A-10,34758,2,False
707A-10,1990,1,False
707A-23,2096,1,False
707A-23,34864,2,False
709G-10,34788,2,False
709G-10,2020,1,False
709P-10,34761,2,False
709P-10,1993,1,False
714C-10,33255,2,True
714C-10,487,1,True
715M-10,33258,2,False
715M-10,490,1,False
7181-10,34100,2,False
7181-10,1332,1,False
719P-10,34140,2,False
719P-10,1372,1,False
719R-10,469,1,False
719R-10,33237,2,False
7245-10,363,1,False
7245-10,33131,2,False
7267-10,1427,1,True
7267-10,34195,2,True
7272-10,34101,2,True
7272-10,1333,1,True
7281-10,34102,2,True
7281-10,1334,1,True
7282-10,33239,2,True
7282-10,471,1,True
736G-10,33548,2,False
736G-10,780,1,False
736I-10,781,1,False
736I-10,33549,2,False
736I-21,34850,2,True
736I-21,2082,1,True
737A-10,34498,2,False
737A-10,1730,1,False
7411-10,34144,2,True
7411-10,1376,1,True
7458-10,33264,2,False
7458-10,496,1,False
745M-10,33550,2,False
745M-10,782,1,False
745M-21,1984,1,False
745M-21,34752,2,False
746C-10,783,1,False
746C-10,33551,2,False
746F-10,784,1,True
746F-10,33552,2,True
746H-10,33553,2,False
746H-10,785,1,False
746K-10,787,1,True
746K-10,33555,2,True
746P-10,33556,2,False
746P-10,788,1,False
746R-10,790,1,True
746R-10,33558,2,True
746V-10,792,1,True
746V-10,33560,2,True
746V-21,2275,1,True
746V-21,35043,2,True
748A-10,498,1,False
748A-10,33266,2,False
748A-41,33267,2,False
748A-41,499,1,False
748R-10,33269,2,False
748R-10,501,1,False
7545-10,33272,2,False
7545-10,504,1,False
7545-21,1728,1,False
7545-21,34496,2,False
7550-10,34861,2,False
7550-10,2093,1,False
756A-10,33561,2,False
756A-10,793,1,False
756A-21,34734,2,True
756A-21,1966,1,True
756A-22,2249,1,True
756A-22,35017,2,True
7600-10,34789,2,False
7600-10,2021,1,False
7710-10,34532,2,False
7710-10,1764,1,False
771P-10,506,1,True
771P-10,33274,2,True
7725-10,472,1,False
7725-10,33240,2,False
775A-10,33241,2,True
775A-10,473,1,True
775F-10,796,1,True
775F-10,33564,2,True
775N-10,33242,2,False
775N-10,474,1,False
775P-10,33275,2,False
775P-10,507,1,False
775V-10,475,1,True
775V-10,33243,2,True
778J-10,33276,2,False
778J-10,508,1,False
778J-41,34254,2,False
778J-41,1486,1,False
778R-10,509,1,False
778R-10,33277,2,False
778R-21,1476,1,False
778R-21,34244,2,False
7903-10,512,1,True
7903-10,33280,2,True
8000-10,1273,1,False
8000-10,34041,2,False
8001-10,34019,2,False
8001-10,1251,1,False
8002-10,34020,2,False
8002-10,1252,1,False
8003-10,1253,1,False
8003-10,34021,2,False
8004-10,34022,2,False
8004-10,1254,1,False
8006-10,1256,1,False
8006-10,34024,2,False
8007-10,1257,1,False
8007-10,34025,2,False
8008-10,34026,2,False
8008-10,1258,1,False
8009-10,1259,1,False
8009-10,34027,2,False
8009-31,34028,2,False
8009-31,1260,1,False
8010-10,798,1,False
8010-10,33566,2,False
8012-10,2023,1,True
8012-10,34791,2,True
8013-10,33568,2,True
8013-10,800,1,True
8013-21,34312,2,True
8013-21,1544,1,True
8013-22,34310,2,True
8013-22,1542,1,True
8013-41,2011,1,False
8013-41,34779,2,False
8014-10,801,1,True
8014-10,33569,2,True
8015-10,1345,1,False
8015-10,34113,2,False
8015-21,2029,1,False
8015-21,34797,2,False
8016-10,34114,2,False
8016-10,1346,1,False
8017-10,1261,1,False
8017-10,34029,2,False
8018-10,34838,2,True
8018-10,2070,1,True
8019-10,2071,1,False
8019-10,34839,2,False
8020-10,1726,1,False
8020-10,34494,2,False
8021-10,2073,1,True
8021-10,34841,2,True
8022-10,34853,2,True
8022-10,2085,1,True
8023-10,34842,2,True
8023-10,2074,1,True
8025-10,34844,2,True
8025-10,2076,1,True
8026-10,2083,1,True
8026-10,34851,2,True
8027-10,34930,2,True
8027-10,2162,1,True
8038-10,33565,2,True
8038-10,797,1,True
8040-10,406,1,False
8040-10,33174,2,False
8043-10,33175,2,False
8043-10,407,1,False
8047-10,33176,2,False
8047-10,408,1,False
8047-31,409,1,False
8047-31,33177,2,False
8047-41,33178,2,False
8047-41,410,1,False
8047-51,33179,2,False
8047-51,411,1,False
8050-10,412,1,False
8050-10,33180,2,False
8050-21,33181,2,False
8050-21,413,1,False
8050-31,415,1,False
8050-31,33183,2,False
8055-10,414,1,False
8055-10,33182,2,False
8055-51,417,1,False
8055-51,33185,2,False
805L-10,32892,2,True
805L-10,124,1,True
8060-10,33186,2,False
8060-10,418,1,False
8062-10,420,1,True
8062-10,33188,2,True
8065-10,33189,2,False
8065-10,421,1,False
8072-10,34847,2,True
8072-10,2079,1,True
8073-10,2081,1,True
8073-10,34849,2,True
8075-10,2044,1,False
8075-10,34812,2,False
8077-10,2050,1,False
8077-10,34818,2,False
8078-10,34848,2,True
8078-10,2080,1,True
807A-10,1900,1,False
807A-10,34668,2,False
807J-10,2058,1,False
807J-10,34826,2,False
807M-10,34684,2,False
807M-10,1916,1,False
807P-10,2099,1,True
807P-10,34867,2,True
809A-10,2069,1,False
809A-10,34837,2,False
809D-10,34836,2,False
809D-10,2068,1,False
809H-10,35013,2,False
809H-10,2245,1,False
809J-10,2066,1,True
809J-10,34834,2,True
809L-10,1949,1,False
809L-10,34717,2,False
809N-10,2244,1,False
809N-10,35012,2,False
809P-10,34659,2,False
809P-10,1891,1,False
809R-10,2067,1,True
809R-10,34835,2,True
809T-10,2246,1,False
809T-10,35014,2,False
809U-10,35022,2,False
809U-10,2254,1,False
809U-21,2307,1,False
809U-21,35075,2,False
809V-10,2243,1,True
809V-10,35011,2,True
8100-10,1262,1,False
8100-10,34030,2,False
817C-10,34105,2,True
817C-10,1337,1,True
8194-10,33573,2,False
8194-10,805,1,False
8199-10,807,1,False
8199-10,33575,2,False
819A-10,33571,2,False
819A-10,803,1,False
819R-10,804,1,False
819R-10,33572,2,False
8200-10,34031,2,False
8200-10,1263,1,False
8214-10,33341,2,False
8214-10,573,1,False
8215-10,33342,2,False
8215-10,574,1,False
8252-10,1248,1,True
8252-10,34016,2,True
8300-10,1264,1,False
8300-10,34032,2,False
8319-10,33244,2,True
8319-10,476,1,True
8319-21,34475,2,False
8319-21,1707,1,False
8400-10,1265,1,False
8400-10,34033,2,False
846M-10,33190,2,False
846M-10,422,1,False
847J-10,1342,1,False
847J-10,34110,2,False
847J-41,34111,2,False
847J-41,1343,1,False
847P-10,423,1,False
847P-10,33191,2,False
847P-42,1424,1,False
847P-42,34192,2,False
848L-10,33576,2,False
848L-10,808,1,False
8500-10,1267,1,False
8500-10,34035,2,False
8528-10,575,1,False
8528-10,33343,2,False
8538-10,1359,1,False
8538-10,34127,2,False
8542-10,34128,2,False
8542-10,1360,1,False
8544-10,430,1,False
8544-10,33198,2,False
8545-10,1364,1,False
8545-10,34132,2,False
8548-10,578,1,False
8548-10,33346,2,False
8549-10,33348,2,False
8549-10,580,1,False
856R-10,1428,1,False
856R-10,34196,2,False
856R-21,34197,2,True
856R-21,1429,1,True
857A-10,1925,1,False
857A-10,34693,2,False
857C-10,34669,2,False
857C-10,1901,1,False
857P-10,1926,1,False
857P-10,34694,2,False
857P-21,1971,1,False
857P-21,34739,2,False
857R-10,1892,1,False
857R-10,34660,2,False
857R-41,2027,1,False
857R-41,34795,2,False
8594-10,432,1,False
8594-10,33200,2,False
8594-21,33201,2,False
8594-21,433,1,False
8594-41,434,1,False
8594-41,33202,2,False
8600-10,34200,2,False
8600-10,1432,1,False
8600-21,34506,2,False
8600-21,1738,1,False
8600-22,2054,1,False
8600-22,34822,2,False
8605-10,1917,1,False
8605-10,34685,2,False
8610-10,2063,1,False
8610-10,34831,2,False
8615-10,1339,1,False
8615-10,34107,2,False
8622-10,438,1,False
8622-10,33206,2,False
8622-31,33207,2,False
8622-31,439,1,False
8622-42,33209,2,False
8622-42,441,1,False
8677-10,443,1,False
8677-10,33211,2,False
8677-31,33212,2,False
8677-31,444,1,False
8686-10,446,1,False
8686-10,33214,2,False
8696-10,448,1,False
8696-10,33216,2,False
8696-41,33218,2,False
8696-41,450,1,False
8700-10,34645,2,False
8700-10,1877,1,False
8700-21,34750,2,False
8700-21,1982,1,False
8700-22,1983,1,False
8700-22,34751,2,False
8700-23,34902,2,False
8700-23,2134,1,False
8705-10,2072,1,False
8705-10,34840,2,False
8707-10,2064,1,False
8707-10,34832,2,False
874C-10,33245,2,True
874C-10,477,1,True
874T-10,33075,2,False
874T-10,307,1,False
875A-10,609,1,False
875A-10,33377,2,False
875C-10,478,1,False
875C-10,33246,2,False
875H-10,34108,2,False
875H-10,1340,1,False
875M-10,33378,2,False
875M-10,610,1,False
875P-10,34109,2,False
875P-10,1341,1,False
877T-10,34149,2,False
877T-10,1381,1,False
888P-10,454,1,False
888P-10,33222,2,False
9002-10,870,1,False
9002-10,33638,2,False
9004-10,33639,2,False
9004-10,871,1,False
9005-10,872,1,False
9005-10,33640,2,False
9005-41,34208,2,False
9005-41,1440,1,False
9005-42,34702,2,False
9005-42,1934,1,False
9006-10,33642,2,False
9006-10,874,1,False
9008-10,875,1,False
9008-10,33643,2,False
9008-21,1539,1,False
9008-21,34307,2,False
9008-41,33644,2,False
9008-41,876,1,False
9009-10,33645,2,False
9009-10,877,1,False
9011-10,878,1,False
9011-10,33646,2,False
9011-21,34536,2,True
9011-21,1768,1,True
9012-10,1268,1,False
9012-10,34036,2,False
9014-10,1425,1,False
9014-10,34193,2,False
9014-42,34194,2,False
9014-42,1426,1,False
9015-10,34037,2,False
9015-10,1269,1,False
9018-10,34039,2,False
9018-10,1271,1,False
9019-10,34201,2,False
9019-10,1433,1,False
9020-10,1434,1,False
9020-10,34202,2,False
9023-10,34205,2,False
9023-10,1437,1,False
9032-10,33648,2,False
9032-10,880,1,False
9032-21,1815,1,False
9032-21,34583,2,False
9047-10,33651,2,False
9047-10,883,1,False
9050-10,34856,2,True
9050-10,2088,1,True
9051-10,2089,1,True
9051-10,34857,2,True
9070-10,566,1,False
9070-10,33334,2,False
908T-10,2116,1,True
908T-10,34884,2,True
9090-10,884,1,False
9090-10,33652,2,False
909T-10,35024,2,False
909T-10,2256,1,False
9162-10,1365,1,True
9162-10,34133,2,True
9166-10,707,1,True
9166-10,33475,2,True
917H-10,33224,2,False
917H-10,456,1,False
917M-10,1366,1,False
917M-10,34134,2,False
917M-31,34135,2,False
917M-31,1367,1,False
9181-10,33653,2,False
9181-10,885,1,False
9188-10,33577,2,False
9188-10,809,1,False
9188-42,1711,1,False
9188-42,34479,2,False
9191-10,810,1,False
9191-10,33578,2,False
9191-21,34725,2,False
9191-21,1957,1,False
9300-10,116,1,False
9300-10,32884,2,False
9301-10,33226,2,False
9301-10,458,1,False
930P-10,2115,1,False
930P-10,34883,2,False
9354-10,33476,2,False
9354-10,708,1,False
938C-10,586,1,False
938C-10,33354,2,False
938L-10,1368,1,False
938L-10,34136,2,False
938P-10,33656,2,False
938P-10,888,1,False
938P-21,2030,1,False
938P-21,34798,2,False
938V-10,813,1,False
938V-10,33581,2,False
948A-10,34191,2,False
948A-10,1423,1,False
9500-10,33229,2,False
9500-10,461,1,False
9501-10,33230,2,False
9501-10,462,1,False
9501-21,463,1,False
9501-21,33231,2,False
957T-10,33232,2,False
957T-10,464,1,False
958P-10,33233,2,False
958P-10,465,1,False
9653-10,33356,2,False
9653-10,588,1,False
967A-10,33336,2,False
967A-10,568,1,False
9701-10,569,1,False
9701-10,33337,2,False
9717-10,33585,2,False
9717-10,817,1,False
971A-10,658,1,False
971A-10,33426,2,False
971C-10,33339,2,False
971C-10,571,1,False
971D-10,33477,2,False
971D-10,709,1,False
971M-10,612,1,False
971M-10,33380,2,False
971R-10,33382,2,False
971R-10,614,1,False
971R-21,615,1,False
971R-21,33383,2,False
971R-42,33384,2,False
971R-42,616,1,False
971R-51,33385,2,False
971R-51,617,1,False
971T-10,618,1,False
971T-10,33386,2,False
971V-10,33387,2,False
971V-10,619,1,False
971X-10,34463,2,False
971X-10,1695,1,False
975A-10,589,1,False
975A-10,33357,2,False
9784-10,827,1,False
9784-10,33595,2,False
9785-10,33596,2,False
9785-10,828,1,False
9785-51,34790,2,False
9785-51,2022,1,False
9789-10,829,1,False
9789-10,33597,2,False
978A-10,34137,2,False
978A-10,1369,1,False
978J-10,33359,2,False
978J-10,591,1,False
978L-10,466,1,False
978L-10,33234,2,False
978T-10,889,1,False
978T-10,33657,2,False
N101-11,2282,1,False
N101-11,35050,2,False
N102-11,2283,1,False
N102-11,35051,2,False
N103-11,2284,1,False
N103-11,35052,2,False
N104-11,35053,2,False
N104-11,2285,1,False
N105-11,35054,2,False
N105-11,2286,1,False
N106-11,35068,2,False
N106-11,2300,1,False
N131-11,2287,1,True
N131-11,35055,2,True
N132-11,35056,2,True
N132-11,2288,1,True
N133-11,35057,2,True
N133-11,2289,1,True
N134-11,2290,1,True
N134-11,35058,2,True
N135-11,35059,2,True
N135-11,2291,1,True
N136-11,2292,1,True
N136-11,35060,2,True
N137-11,35061,2,True
N137-11,2293,1,True
N138-11,35062,2,True
N138-11,2294,1,True
N139-11,2295,1,True
N139-11,35063,2,True
N140-11,35064,2,True
N140-11,2296,1,True
N141-11,35065,2,True
N141-11,2297,1,True
N142-11,2298,1,True
N142-11,35066,2,True
N143-11,35067,2,True
N143-11,2299,1,True
N201-11,35079,2,False
N201-11,2311,1,False
N202-11,35080,2,False
N202-11,2312,1,False
N203-11,2313,1,False
N203-11,35081,2,False
N204-11,35082,2,False
N204-11,2314,1,False
N205-11,2315,1,False
N205-11,35083,2,False
N206-11,2316,1,False
N206-11,35084,2,False
N207-11,35085,2,False
N207-11,2317,1,False
N208-11,2318,1,False
N208-11,35086,2,False
N209-11,35087,2,False
N209-11,2319,1,False
N231-11,2320,1,True
N231-11,35088,2,True
N232-11,2321,1,True
N232-11,35089,2,True
N233-11,2322,1,True
N233-11,35090,2,True
N234-11,2323,1,True
N234-11,35091,2,True
N235-11,2324,1,True
N235-11,35092,2,True
N236-11,2325,1,True
N236-11,35093,2,True
N237-11,2326,1,True
N237-11,35094,2,True
N238-11,2327,1,True
N238-11,35095,2,True
N239-11,35096,2,True
N239-11,2328,1,True
N240-11,2329,1,True
N240-11,35097,2,True
N241-11,2330,1,True
N241-11,35098,2,True
N242-11,35099,2,True
N242-11,2331,1,True
N243-11,2332,1,True
N243-11,35100,2,True
N244-11,2333,1,True
N244-11,35101,2,True
N245-11,35102,2,True
N245-11,2334,1,True
N301-11,2335,1,False
N301-11,35103,2,False
N302-11,2336,1,False
N302-11,35104,2,False
N303-11,35105,2,False
N303-11,2337,1,False
N304-11,2338,1,False
N304-11,35106,2,False
N305-11,2339,1,False
N305-11,35107,2,False
N306-11,2340,1,False
N306-11,35108,2,False
N307-11,2341,1,False
N307-11,35109,2,False
N308-11,2342,1,False
N308-11,35110,2,False
N331-11,2343,1,True
N331-11,35111,2,True
N332-11,2344,1,True
N332-11,35112,2,True
N333-11,2345,1,True
N333-11,35113,2,True
N334-11,2346,1,True
N334-11,35114,2,True
N335-11,2347,1,True
N335-11,35115,2,True
N336-11,35116,2,True
N336-11,2348,1,True
N337-11,2349,1,True
N337-11,35117,2,True
N338-11,2350,1,True
N338-11,35118,2,True
N339-11,35119,2,True
N339-11,2351,1,True
N340-11,2352,1,True
N340-11,35120,2,True
N341-11,2353,1,True
N341-11,35121,2,True
N342-11,35122,2,True
N342-11,2354,1,True
N343-11,2355,1,True
N343-11,35123,2,True
N344-11,2356,1,True
N344-11,35124,2,True
N401-11,35125,2,False
N401-11,2357,1,False
N402-11,2358,1,False
N402-11,35126,2,False
N403-11,2359,1,False
N403-11,35127,2,False
N404-11,35128,2,False
N404-11,2360,1,False
N405-11,2361,1,False
N405-11,35129,2,False
N406-11,2362,1,False
N406-11,35130,2,False
N407-11,35131,2,False
N407-11,2363,1,False
N431-11,2364,1,True
N431-11,35132,2,True
N432-11,2365,1,True
N432-11,35133,2,True
N433-11,2366,1,False
N433-11,35134,2,False
N434-11,2367,1,True
N434-11,35135,2,True
N435-11,35136,2,True
N435-11,2368,1,True
N436-11,35137,2,True
N436-11,2369,1,True
N437-11,2370,1,True
N437-11,35138,2,True
N438-11,35139,2,True
N438-11,2371,1,True
N439-11,2372,1,True
N439-11,35140,2,True
N440-11,35141,2,True
N440-11,2373,1,True
N441-11,35142,2,True
N441-11,2374,1,True
N501-11,2375,1,False
N501-11,35143,2,False
N502-11,2376,1,False
N502-11,35144,2,False
N503-11,35145,2,False
N503-11,2377,1,False
N504-11,2378,1,False
N504-11,35146,2,False
N505-11,2379,1,False
N505-11,35147,2,False
N506-11,35148,2,False
N506-11,2380,1,False
N507-11,2381,1,False
N507-11,35149,2,False
N508-11,2382,1,False
N508-11,35150,2,False
N531-11,2383,1,True
N531-11,35151,2,True
N532-11,2384,1,True
N532-11,35152,2,True
N533-11,2385,1,True
N533-11,35153,2,True
N534-11,2386,1,True
N534-11,35154,2,True
N535-11,2387,1,True
N535-11,35155,2,True
N536-11,2388,1,True
N536-11,35156,2,True
N537-11,35157,2,True
N537-11,2389,1,True
N538-11,2390,1,True
N538-11,35158,2,True
N539-11,35159,2,True
N539-11,2391,1,True
N601-11,35160,2,False
N601-11,2392,1,False
N602-11,35161,2,False
N602-11,2393,1,False
N603-11,35162,2,False
N603-11,2394,1,False
N604-11,2395,1,False
N604-11,35163,2,False
N631-11,2396,1,False
N631-11,35164,2,False
N632-11,35165,2,False
N632-11,2397,1,False
N633-11,2398,1,True
N633-11,35166,2,True
N634-11,2399,1,True
N634-11,35167,2,True
N635-11,35168,2,True
N635-11,2400,1,True
N636-11,2401,1,True
N636-11,35169,2,True
N637-11,35170,2,True
N637-11,2402,1,True
N638-11,35171,2,True
N638-11,2403,1,True
N639-11,2404,1,True
N639-11,35172,2,True
N640-11,35173,2,True
N640-11,2405,1,True
N701-11,2406,1,False
N701-11,35174,2,False
N702-11,2407,1,False
N702-11,35175,2,False
N703-11,35176,2,False
N703-11,2408,1,False
N704-11,2409,1,False
N704-11,35177,2,False
N705-11,2410,1,False
N705-11,35178,2,False
N706-11,35179,2,False
N706-11,2411,1,False
N731-11,35180,2,False
N731-11,2412,1,False
N732-11,2413,1,True
N732-11,35181,2,True
N733-11,35182,2,True
N733-11,2414,1,True
N734-11,2415,1,True
N734-11,35183,2,True
N735-11,2416,1,True
N735-11,35184,2,True
N736-11,35185,2,True
N736-11,2417,1,True
N737-11,2418,1,True
N737-11,35186,2,True
N738-11,2419,1,True
N738-11,35187,2,True
N739-11,35188,2,True
N739-11,2420,1,True
N740-11,2421,1,True
N740-11,35189,2,True
N741-11,2422,1,True
N741-11,35190,2,True
N742-11,35191,2,False
N742-11,2423,1,False
N743-11,2424,1,True
N743-11,35192,2,True
N744-11,2425,1,True
N744-11,35193,2,True
N745-11,2426,1,False
N745-11,35194,2,False
N746-11,2427,1,True
N746-11,35195,2,True
N801-11,2428,1,False
N801-11,35196,2,False
N802-11,35197,2,False
N802-11,2429,1,False
N831-11,2430,1,True
N831-11,35198,2,True
N832-11,35199,2,True
N832-11,2431,1,True
N833-11,35200,2,True
N833-11,2432,1,True
N834-11,2433,1,True
N834-11,35201,2,True
N835-11,35202,2,True
N835-11,2434,1,True
N836-11,2435,1,True
N836-11,35203,2,True
N837-11,2436,1,True
N837-11,35204,2,True
N838-11,35205,2,True
N838-11,2437,1,True
N839-11,2438,1,True
N839-11,35206,2,True
N840-11,35207,2,True
N840-11,2439,1,True
N841-11,2440,1,True
N841-11,35208,2,True
N842-11,2441,1,True
N842-11,35209,2,True
N843-11,35210,2,True
N843-11,2442,1,True
